,사용월,호선명,역ID,지하철역,유임승차,유임하차,무임승차,무임하차,작업일시
0,2022-10,1호선,150,서울역,"1,307,627","1,279,921","218,542","210,320",2022-11-03 10:23:08
1,2022-10,1호선,151,시청,"638,454","654,541","119,508","116,903",2022-11-03 10:23:08
2,2022-10,1호선,152,종각,"893,135","864,755","153,798","143,813",2022-11-03 10:23:08
3,2022-10,1호선,153,종로3가,"499,373","442,702","319,982","296,084",2022-11-03 10:23:08
4,2022-10,1호선,154,종로5가,"442,041","447,014","260,373","250,139",2022-11-03 10:23:08
5,2022-10,1호선,155,동대문,"231,006","219,104","124,571","124,404",2022-11-03 10:23:08
6,2022-10,1호선,156,신설동,"280,677","270,784","121,048","116,766",2022-11-03 10:23:08
7,2022-10,1호선,157,제기동,"234,930","222,417","287,970","309,026",2022-11-03 10:23:08
8,2022-10,1호선,158,청량리(서울시립대입구),"345,240","346,252","261,608","265,382",2022-11-03 10:23:08
9,2022-10,1호선,159,동묘앞,"144,243","154,090","166,501","169,644",2022-11-03 10:23:08
10,2022-10,2호선,201,시청,"615,600","585,843","64,011","57,360",2022-11-03 10:23:08
11,2022-10,2호선,202,을지로입구,"1,117,722","1,140,577","103,892","95,993",2022-11-03 10:23:08
12,2022-10,2호선,203,을지로3가,"575,411","568,927","77,891","76,037",2022-11-03 10:23:08
13,2022-10,2호선,204,을지로4가,"292,765","297,553","79,485","78,742",2022-11-03 10:23:08
14,2022-10,2호선,205,동대문역사문화공원(DDP),"360,827","417,562","57,641","62,966",2022-11-03 10:23:08
15,2022-10,2호선,206,신당,"322,718","337,779","95,107","96,417",2022-11-03 10:23:08
16,2022-10,2호선,207,상왕십리,"341,048","324,122","65,807","66,349",2022-11-03 10:23:08
17,2022-10,2호선,208,왕십리(성동구청),"437,696","362,854","53,676","45,468",2022-11-03 10:23:08
18,2022-10,2호선,209,한양대,"327,403","361,740","15,792","16,655",2022-11-03 10:23:08
19,2022-10,2호선,210,뚝섬,"576,341","610,719","59,863","60,409",2022-11-03 10:23:08
20,2022-10,2호선,211,성수,"924,271","1,026,319","101,576","103,500",2022-11-03 10:23:08
21,2022-10,2호선,212,건대입구,"989,589","1,068,135","91,708","95,960",2022-11-03 10:23:08
22,2022-10,2호선,213,구의(광진구청),"573,836","554,418","103,930","104,984",2022-11-03 10:23:08
23,2022-10,2호선,214,강변(동서울터미널),"861,528","822,368","130,477","127,218",2022-11-03 10:23:08
24,2022-10,2호선,215,잠실나루,"319,912","308,732","85,070","84,202",2022-11-03 10:23:08
25,2022-10,2호선,216,잠실(송파구청),"2,190,921","2,159,810","218,589","204,196",2022-11-03 10:23:08
26,2022-10,2호선,217,잠실새내,"534,621","539,428","111,248","110,998",2022-11-03 10:23:08
27,2022-10,2호선,218,종합운동장,"354,262","401,709","58,716","62,041",2022-11-03 10:23:08
28,2022-10,2호선,219,삼성(무역센터),"1,346,785","1,364,138","119,778","111,744",2022-11-03 10:23:08
29,2022-10,2호선,220,선릉,"1,249,025","1,107,006","218,529","193,370",2022-11-03 10:23:08
30,2022-10,2호선,221,역삼,"1,148,063","1,316,325","141,520","144,343",2022-11-03 10:23:08
31,2022-10,2호선,222,강남,"2,031,810","1,995,096","154,887","135,269",2022-11-03 10:23:08
32,2022-10,2호선,223,교대(법원.검찰청),"744,179","846,296","150,210","170,435",2022-11-03 10:23:08
33,2022-10,2호선,224,서초,"520,822","483,619","85,364","84,846",2022-11-03 10:23:08
34,2022-10,2호선,225,방배,"427,900","444,361","74,477","74,141",2022-11-03 10:23:08
35,2022-10,2호선,226,사당,"961,914","1,089,252","209,979","202,494",2022-11-03 10:23:08
36,2022-10,2호선,227,낙성대(강감찬),"705,022","679,642","108,915","110,870",2022-11-03 10:23:08
37,2022-10,2호선,228,서울대입구(관악구청),"1,198,157","1,170,291","179,938","170,672",2022-11-03 10:23:08
38,2022-10,2호선,229,봉천,"537,800","488,633","150,758","150,139",2022-11-03 10:23:08
39,2022-10,2호선,230,신림,"1,483,233","1,414,808","204,439","203,452",2022-11-03 10:23:08
40,2022-10,2호선,231,신대방,"620,908","594,680","126,387","127,971",2022-11-03 10:23:08
41,2022-10,2호선,232,구로디지털단지,"1,437,955","1,427,227","188,435","189,027",2022-11-03 10:23:08
42,2022-10,2호선,233,대림(구로구청),"587,083","600,605","126,030","130,094",2022-11-03 10:23:08
43,2022-10,2호선,234,신도림,"1,243,280","1,260,456","209,288","198,330",2022-11-03 10:23:08
44,2022-10,2호선,235,문래,"504,978","527,052","87,283","86,646",2022-11-03 10:23:08
45,2022-10,2호선,236,영등포구청,"497,514","519,766","99,170","99,096",2022-11-03 10:23:08
46,2022-10,2호선,237,당산,"473,287","557,945","60,812","66,863",2022-11-03 10:23:08
47,2022-10,2호선,238,합정,"882,688","970,477","71,303","72,703",2022-11-03 10:23:08
48,2022-10,2호선,239,홍대입구,"1,893,368","2,049,931","98,593","95,267",2022-11-03 10:23:08
49,2022-10,2호선,240,신촌,"1,014,647","1,031,122","121,198","119,001",2022-11-03 10:23:08
50,2022-10,2호선,241,이대,"424,861","455,578","48,748","50,964",2022-11-03 10:23:08
51,2022-10,2호선,242,아현,"246,018","230,988","64,523","63,926",2022-11-03 10:23:08
52,2022-10,2호선,243,충정로(경기대입구),"226,315","244,857","49,002","48,888",2022-11-03 10:23:08
53,2022-10,2호선,244,용답,"70,917","71,315","17,714","17,436",2022-11-03 10:23:08
54,2022-10,2호선,245,신답,"37,787","41,202","10,111","10,988",2022-11-03 10:23:08
55,2022-10,2호선,246,신설동,"78,432","73,766","33,952","35,054",2022-11-03 10:23:08
56,2022-10,2호선,247,도림천,"27,130","28,264","8,108","9,093",2022-11-03 10:23:08
57,2022-10,2호선,248,양천구청,"149,941","153,758","50,659","51,166",2022-11-03 10:23:08
58,2022-10,2호선,249,신정네거리,"229,346","231,401","72,702","73,852",2022-11-03 10:23:08
59,2022-10,2호선,250,용두(동대문구청),"44,751","42,967","22,939","24,060",2022-11-03 10:23:08
60,2022-10,3호선,309,지축,"136,179","129,626","30,757","29,327",2022-11-03 10:23:08
61,2022-10,3호선,310,구파발,"497,416","488,538","123,757","119,484",2022-11-03 10:23:08
62,2022-10,3호선,311,연신내,"800,861","750,060","264,701","254,924",2022-11-03 10:23:08
63,2022-10,3호선,312,불광,"342,612","368,645","141,097","156,992",2022-11-03 10:23:08
64,2022-10,3호선,313,녹번,"370,636","324,161","79,220","77,842",2022-11-03 10:23:08
65,2022-10,3호선,314,홍제,"384,480","360,409","144,997","141,974",2022-11-03 10:23:08
66,2022-10,3호선,315,무악재,"84,020","83,764","30,383","32,710",2022-11-03 10:23:08
67,2022-10,3호선,316,독립문,"156,230","166,702","70,205","71,062",2022-11-03 10:23:08
68,2022-10,3호선,317,경복궁(정부서울청사),"697,333","737,426","121,471","130,412",2022-11-03 10:23:08
69,2022-10,3호선,318,안국,"703,206","735,833","115,889","118,732",2022-11-03 10:23:08
70,2022-10,3호선,319,종로3가,"220,071","273,296","59,216","66,685",2022-11-03 10:23:08
71,2022-10,3호선,320,을지로3가,"251,410","252,269","48,755","45,997",2022-11-03 10:23:08
72,2022-10,3호선,321,충무로,46,0,6,0,2022-11-03 10:23:08
73,2022-10,3호선,322,동대입구,"275,536","313,766","41,622","47,562",2022-11-03 10:23:08
74,2022-10,3호선,323,약수,"298,926","287,666","84,134","78,999",2022-11-03 10:23:08
75,2022-10,3호선,324,금호,"188,426","172,142","54,420","53,298",2022-11-03 10:23:08
76,2022-10,3호선,325,옥수,"208,875","212,120","62,147","62,039",2022-11-03 10:23:08
77,2022-10,3호선,326,압구정,"779,128","859,857","142,395","141,393",2022-11-03 10:23:08
78,2022-10,3호선,327,신사,"758,971","804,175","70,538","69,295",2022-11-03 10:23:08
79,2022-10,3호선,328,잠원,"113,268","109,328","30,870","29,493",2022-11-03 10:23:08
80,2022-10,3호선,329,고속터미널,"1,298,048","1,262,602","204,767","194,517",2022-11-03 10:23:08
81,2022-10,3호선,330,교대(법원.검찰청),"328,410","215,481","70,730","43,383",2022-11-03 10:23:08
82,2022-10,3호선,331,남부터미널(예술의전당),"722,843","737,739","123,923","124,911",2022-11-03 10:23:08
83,2022-10,3호선,332,양재(서초구청),"867,845","962,433","151,557","152,705",2022-11-03 10:23:08
84,2022-10,3호선,333,매봉,"264,780","256,864","63,375","59,272",2022-11-03 10:23:08
85,2022-10,3호선,334,도곡,"116,901","119,037","23,503","22,283",2022-11-03 10:23:08
86,2022-10,3호선,335,대치,"277,933","270,469","63,385","60,395",2022-11-03 10:23:08
87,2022-10,3호선,336,학여울,"54,386","56,661","22,724","22,521",2022-11-03 10:23:08
88,2022-10,3호선,337,대청,"228,297","211,728","59,960","57,589",2022-11-03 10:23:08
89,2022-10,3호선,338,일원,"226,413","216,046","65,600","65,317",2022-11-03 10:23:08
90,2022-10,3호선,339,수서,"418,509","427,085","112,408","110,405",2022-11-03 10:23:08
91,2022-10,3호선,340,가락시장,"179,318","177,947","76,834","75,465",2022-11-03 10:23:08
92,2022-10,3호선,341,경찰병원,"159,238","157,442","41,710","43,036",2022-11-03 10:23:08
93,2022-10,3호선,342,오금,"147,987","133,154","30,124","29,591",2022-11-03 10:23:08
94,2022-10,4호선,409,당고개,"194,645","169,156","76,855","76,094",2022-11-03 10:23:08
95,2022-10,4호선,410,상계,"434,218","398,467","122,220","119,613",2022-11-03 10:23:08
96,2022-10,4호선,411,노원,"465,489","541,894","96,701","95,930",2022-11-03 10:23:08
97,2022-10,4호선,412,창동,"541,290","576,744","204,329","210,009",2022-11-03 10:23:08
98,2022-10,4호선,413,쌍문,"671,215","608,243","170,007","166,402",2022-11-03 10:23:08
99,2022-10,4호선,414,수유(강북구청),"808,798","805,593","194,080","194,129",2022-11-03 10:23:08
100,2022-10,4호선,415,미아(서울사이버대학),"332,048","312,863","113,318","114,670",2022-11-03 10:23:08
101,2022-10,4호선,416,미아사거리,"616,105","594,351","184,915","183,682",2022-11-03 10:23:08
102,2022-10,4호선,417,길음,"512,226","510,602","121,719","122,204",2022-11-03 10:23:08
103,2022-10,4호선,418,성신여대입구(돈암),"549,927","505,316","87,776","82,434",2022-11-03 10:23:08
104,2022-10,4호선,419,한성대입구(삼선교),"357,670","344,551","76,441","75,951",2022-11-03 10:23:08
105,2022-10,4호선,420,혜화,"957,803","966,600","131,350","130,447",2022-11-03 10:23:08
106,2022-10,4호선,421,동대문,"415,686","432,722","154,861","150,296",2022-11-03 10:23:08
107,2022-10,4호선,422,동대문역사문화공원(DDP),"444,347","387,877","61,000","54,358",2022-11-03 10:23:08
108,2022-10,4호선,423,충무로,"653,684","688,382","114,193","116,865",2022-11-03 10:23:08
109,2022-10,4호선,424,명동,"710,083","755,160","72,348","75,292",2022-11-03 10:23:08
110,2022-10,4호선,425,회현(남대문시장),"546,606","572,738","199,770","199,245",2022-11-03 10:23:08
111,2022-10,4호선,426,서울역,"299,274","547,805","40,488","55,416",2022-11-03 10:23:08
112,2022-10,4호선,427,숙대입구(갈월),"386,338","363,303","56,030","51,492",2022-11-03 10:23:08
113,2022-10,4호선,428,삼각지,"143,048","177,464","25,251","27,396",2022-11-03 10:23:08
114,2022-10,4호선,429,신용산,"464,119","487,087","53,251","53,766",2022-11-03 10:23:08
115,2022-10,4호선,430,이촌(국립중앙박물관),"231,151","262,787","51,987","54,393",2022-11-03 10:23:08
116,2022-10,4호선,431,동작(현충원),"37,746","40,430","15,949","15,776",2022-11-03 10:23:08
117,2022-10,4호선,432,총신대입구(이수),"402,790","445,981","154,781","162,831",2022-11-03 10:23:08
118,2022-10,4호선,433,사당,"701,074","594,723","101,808","102,514",2022-11-03 10:23:08
119,2022-10,4호선,434,남태령,"31,908","24,496","8,948","8,057",2022-11-03 10:23:08
120,2022-10,경부선,1001,서울역,"276,112","80,794","17,726","3,601",2022-11-03 10:23:08
121,2022-10,경부선,1002,남영,"246,143","256,623","38,440","39,003",2022-11-03 10:23:08
122,2022-10,경부선,1003,용산,"1,123,330","1,133,933","144,357","143,939",2022-11-03 10:23:08
123,2022-10,경부선,1004,노량진,"245,298","244,020","48,689","45,460",2022-11-03 10:23:08
124,2022-10,경부선,1005,대방,"269,652","290,071","61,380","62,556",2022-11-03 10:23:08
125,2022-10,경부선,1006,영등포,"1,005,965","1,039,572","265,564","265,694",2022-11-03 10:23:08
126,2022-10,경부선,1007,신도림,"94,991","97,341","27,492","32,043",2022-11-03 10:23:08
127,2022-10,경부선,1032,신길,"224,039","185,971","47,113","43,913",2022-11-03 10:23:08
128,2022-10,경부선,1701,구로,"433,132","446,894","100,483","96,543",2022-11-03 10:23:08
129,2022-10,경부선,1702,가산디지털단지,"419,226","501,072","37,241","41,891",2022-11-03 10:23:08
130,2022-10,경부선,1703,금천구청,"262,236","259,834","84,662","85,119",2022-11-03 10:23:08
131,2022-10,경부선,1704,석수,"229,887","206,015","51,408","48,895",2022-11-03 10:23:08
132,2022-10,경부선,1705,관악,"173,405","162,238","56,597","54,317",2022-11-03 10:23:08
133,2022-10,경부선,1706,안양,"642,375","631,582","121,258","124,643",2022-11-03 10:23:08
134,2022-10,경부선,1707,명학,"222,473","216,274","42,577","41,834",2022-11-03 10:23:08
135,2022-10,경부선,1708,금정,"683,893","693,707","124,634","125,485",2022-11-03 10:23:08
136,2022-10,경부선,1709,군포,"169,634","162,361","36,862","35,979",2022-11-03 10:23:08
137,2022-10,경부선,1710,의왕,"218,663","215,721","45,497","44,944",2022-11-03 10:23:08
138,2022-10,경부선,1711,성균관대,"396,410","392,347","56,724","56,953",2022-11-03 10:23:08
139,2022-10,경부선,1712,화서,"203,519","195,686","47,557","46,245",2022-11-03 10:23:08
140,2022-10,경부선,1713,수원,"1,079,324","1,142,896","158,006","160,641",2022-11-03 10:23:08
141,2022-10,경부선,1714,독산,"423,667","430,701","71,238","72,492",2022-11-03 10:23:08
142,2022-10,경부선,1715,세류,"85,201","77,605","17,260","16,748",2022-11-03 10:23:08
143,2022-10,경부선,1716,병점,"421,267","421,517","70,949","71,079",2022-11-03 10:23:08
144,2022-10,경부선,1717,세마,"75,818","70,405","16,571","15,355",2022-11-03 10:23:08
145,2022-10,경부선,1718,오산대,"102,906","95,040","20,500","19,247",2022-11-03 10:23:08
146,2022-10,경부선,1719,오산,"282,351","278,154","50,426","51,370",2022-11-03 10:23:08
147,2022-10,경부선,1720,진위,"44,051","38,483","10,542","9,961",2022-11-03 10:23:08
148,2022-10,경부선,1721,송탄,"129,888","127,242","22,443","21,908",2022-11-03 10:23:08
149,2022-10,경부선,1722,서정리,"224,451","211,865","35,214","34,294",2022-11-03 10:23:08
150,2022-10,경부선,1723,평택지제,"121,614","115,849","13,658","13,175",2022-11-03 10:23:08
151,2022-10,경부선,1724,평택,"374,474","378,817","69,351","68,253",2022-11-03 10:23:08
152,2022-10,경부선,1725,성환,"151,077","146,590","21,708","21,579",2022-11-03 10:23:08
153,2022-10,경부선,1726,직산,"22,683","22,820","5,577","5,187",2022-11-03 10:23:08
154,2022-10,경부선,1727,두정,"207,281","224,190","25,058","25,382",2022-11-03 10:23:08
155,2022-10,경부선,1728,천안,"179,784","173,026","57,102","57,280",2022-11-03 10:23:08
156,2022-10,경부선,1729,당정,"164,285","154,135","31,437","30,053",2022-11-03 10:23:08
157,2022-10,경부선,1749,서동탄,"34,358","31,007","8,021","7,667",2022-11-03 10:23:08
158,2022-10,경부선,1750,광명,"102,713","84,937","10,832","10,383",2022-11-03 10:23:08
159,2022-10,경인선,1801,개봉,"480,389","458,558","159,609","165,037",2022-11-03 10:23:08
160,2022-10,경인선,1802,오류동,"259,505","232,743","94,404","91,804",2022-11-03 10:23:08
161,2022-10,경인선,1803,역곡,"676,430","660,683","159,448","163,050",2022-11-03 10:23:08
162,2022-10,경인선,1804,부천,"778,591","781,011","214,870","217,197",2022-11-03 10:23:08
163,2022-10,경인선,1805,송내,"668,480","661,742","126,759","125,830",2022-11-03 10:23:08
164,2022-10,경인선,1806,부평,"757,785","819,222","144,154","147,065",2022-11-03 10:23:08
165,2022-10,경인선,1807,백운,"148,507","142,694","58,937","59,706",2022-11-03 10:23:08
166,2022-10,경인선,1808,동암,"380,000","377,430","104,079","104,883",2022-11-03 10:23:08
167,2022-10,경인선,1809,주안,"498,811","450,701","92,716","83,361",2022-11-03 10:23:08
168,2022-10,경인선,1810,제물포,"257,546","242,198","66,039","65,329",2022-11-03 10:23:08
169,2022-10,경인선,1811,동인천,"305,275","291,557","125,419","122,217",2022-11-03 10:23:08
170,2022-10,경인선,1812,인천,"97,172","72,593","46,652","42,184",2022-11-03 10:23:08
171,2022-10,경인선,1813,구일,"182,466","186,870","45,258","44,334",2022-11-03 10:23:08
172,2022-10,경인선,1814,소사,"206,555","202,062","65,966","66,590",2022-11-03 10:23:08
173,2022-10,경인선,1815,부개,"188,815","169,988","68,616","66,868",2022-11-03 10:23:08
174,2022-10,경인선,1816,간석,"129,242","119,911","45,946","44,072",2022-11-03 10:23:08
175,2022-10,경인선,1817,도원,"71,979","70,267","30,886","32,301",2022-11-03 10:23:08
176,2022-10,경인선,1821,온수(성공회대입구),"159,562","147,186","52,511","50,555",2022-11-03 10:23:08
177,2022-10,경인선,1822,중동,"202,997","184,354","73,543","71,633",2022-11-03 10:23:08
178,2022-10,경인선,1823,도화,"85,193","75,753","39,726","38,240",2022-11-03 10:23:08
179,2022-10,경원선,1008,이촌(국립중앙박물관),"98,457","72,948","30,570","26,183",2022-11-03 10:23:08
180,2022-10,경원선,1009,서빙고,"55,010","52,564","18,076","16,995",2022-11-03 10:23:08
181,2022-10,경원선,1010,한남,"88,880","85,269","29,489","27,566",2022-11-03 10:23:08
182,2022-10,경원선,1011,옥수,"1,718","1,225",153,94,2022-11-03 10:23:08
183,2022-10,경원선,1012,응봉,"42,272","34,593","18,140","16,167",2022-11-03 10:23:08
184,2022-10,경원선,1013,왕십리(성동구청),"389,057","428,271","66,693","72,956",2022-11-03 10:23:08
185,2022-10,경원선,1014,청량리(서울시립대입구),"380,104","382,091","157,902","162,818",2022-11-03 10:23:08
186,2022-10,경원선,1016,외대앞,"231,574","226,538","43,037","44,761",2022-11-03 10:23:08
187,2022-10,경원선,1017,신이문,"177,018","158,905","70,544","68,041",2022-11-03 10:23:08
188,2022-10,경원선,1018,석계,"185,530","204,917","64,873","69,199",2022-11-03 10:23:08
189,2022-10,경원선,1019,광운대,"194,008","189,472","51,257","50,778",2022-11-03 10:23:08
190,2022-10,경원선,1020,월계,"158,614","143,810","64,368","61,586",2022-11-03 10:23:08
191,2022-10,경원선,1021,녹천,"96,799","77,481","39,622","35,628",2022-11-03 10:23:08
192,2022-10,경원선,1022,창동,9,0,0,0,2022-11-03 10:23:08
193,2022-10,경원선,1901,방학,"186,023","177,787","109,378","107,725",2022-11-03 10:23:08
194,2022-10,경원선,1902,도봉,"105,264","97,506","72,886","72,223",2022-11-03 10:23:08
195,2022-10,경원선,1903,도봉산,"151,763","87,568","124,139","99,250",2022-11-03 10:23:08
196,2022-10,경원선,1904,망월사,"195,872","196,728","71,603","73,279",2022-11-03 10:23:08
197,2022-10,경원선,1905,회룡,"230,117","227,485","153,377","151,800",2022-11-03 10:23:08
198,2022-10,경원선,1906,의정부,"469,760","491,029","116,262","118,590",2022-11-03 10:23:08
199,2022-10,경원선,1907,가능,"142,690","135,352","60,862","60,395",2022-11-03 10:23:08
200,2022-10,경원선,1908,녹양,"102,082","95,474","41,014","38,742",2022-11-03 10:23:08
201,2022-10,경원선,1909,양주,"187,541","175,369","63,994","62,140",2022-11-03 10:23:08
202,2022-10,경원선,1910,덕계,"81,682","70,921","25,431","24,256",2022-11-03 10:23:08
203,2022-10,경원선,1911,덕정,"154,556","145,996","37,113","37,254",2022-11-03 10:23:08
204,2022-10,경원선,1912,지행,"164,379","163,182","47,656","47,306",2022-11-03 10:23:08
205,2022-10,경원선,1913,동두천중앙,"61,184","58,446","37,375","37,130",2022-11-03 10:23:08
206,2022-10,경원선,1914,보산,"39,123","36,180","14,700","13,851",2022-11-03 10:23:08
207,2022-10,경원선,1915,동두천,"49,854","53,842","25,180","31,594",2022-11-03 10:23:08
208,2022-10,경원선,1916,소요산,"45,516","37,361","92,191","83,375",2022-11-03 10:23:08
209,2022-10,안산선,1751,산본,"375,687","410,600","105,808","106,827",2022-11-03 10:23:08
210,2022-10,안산선,1752,대야미,"119,322","105,013","34,252","32,685",2022-11-03 10:23:08
211,2022-10,안산선,1753,반월,"98,589","94,442","32,391","32,245",2022-11-03 10:23:08
212,2022-10,안산선,1754,상록수,"415,218","415,506","74,313","75,506",2022-11-03 10:23:08
213,2022-10,안산선,1755,한대앞,"254,980","255,154","46,043","47,149",2022-11-03 10:23:08
214,2022-10,안산선,1756,중앙,"506,661","533,121","64,673","63,285",2022-11-03 10:23:08
215,2022-10,안산선,1757,고잔,"240,618","230,747","39,460","37,794",2022-11-03 10:23:08
216,2022-10,안산선,1758,초지,"137,579","140,884","17,914","18,476",2022-11-03 10:23:08
217,2022-10,안산선,1759,안산,"332,646","309,777","39,009","36,312",2022-11-03 10:23:08
218,2022-10,안산선,1760,신길온천,"48,218","43,721","10,978","10,924",2022-11-03 10:23:08
219,2022-10,안산선,1761,정왕,"266,242","272,363","28,775","29,919",2022-11-03 10:23:08
220,2022-10,안산선,1762,오이도,"232,938","229,296","40,524","40,294",2022-11-03 10:23:08
221,2022-10,안산선,1763,수리산,"89,715","73,074","32,756","31,442",2022-11-03 10:23:08
222,2022-10,과천선,1450,선바위,"202,911","174,208","38,495","37,228",2022-11-03 10:23:08
223,2022-10,과천선,1451,경마공원,"124,406","126,240","79,786","79,770",2022-11-03 10:23:08
224,2022-10,과천선,1452,대공원,"169,421","171,373","60,734","62,684",2022-11-03 10:23:08
225,2022-10,과천선,1453,과천,"147,805","137,177","46,285","44,158",2022-11-03 10:23:08
226,2022-10,과천선,1454,정부과천청사,"244,438","246,907","55,296","55,127",2022-11-03 10:23:08
227,2022-10,과천선,1455,인덕원,"601,885","615,812","120,143","123,080",2022-11-03 10:23:08
228,2022-10,과천선,1456,평촌,"418,540","409,416","68,011","67,696",2022-11-03 10:23:08
229,2022-10,과천선,1457,범계,"670,104","679,855","114,256","112,193",2022-11-03 10:23:08
230,2022-10,분당선,1023,선릉,"294,526","457,783","45,792","61,018",2022-11-03 10:23:08
231,2022-10,분당선,1024,한티,"376,602","392,626","68,516","69,714",2022-11-03 10:23:08
232,2022-10,분당선,1025,도곡,"158,111","154,052","52,175","50,598",2022-11-03 10:23:08
233,2022-10,분당선,1026,구룡,"50,830","47,506","16,874","16,277",2022-11-03 10:23:08
234,2022-10,분당선,1027,개포동,"88,663","90,150","27,739","28,142",2022-11-03 10:23:08
235,2022-10,분당선,1028,대모산입구,"102,839","92,820","32,941","32,918",2022-11-03 10:23:08
236,2022-10,분당선,1030,수서,"345,426","355,690","68,773","71,630",2022-11-03 10:23:08
237,2022-10,분당선,1031,복정,18,0,2,0,2022-11-03 10:23:08
238,2022-10,분당선,1846,수원,"225,601","194,334","33,397","30,803",2022-11-03 10:23:08
239,2022-10,분당선,1847,서울숲,"335,159","351,316","34,631","33,702",2022-11-03 10:23:08
240,2022-10,분당선,1848,압구정로데오,"516,376","600,600","47,662","46,481",2022-11-03 10:23:08
241,2022-10,분당선,1849,강남구청,"218,297","257,338","38,184","40,879",2022-11-03 10:23:08
242,2022-10,분당선,1850,선정릉,"169,014","180,645","30,930","29,788",2022-11-03 10:23:08
243,2022-10,분당선,1851,가천대,"284,664","301,976","29,049","29,804",2022-11-03 10:23:08
244,2022-10,분당선,1852,태평,"305,693","281,975","92,582","95,837",2022-11-03 10:23:08
245,2022-10,분당선,1853,모란,"440,169","436,674","171,651","184,892",2022-11-03 10:23:08
246,2022-10,분당선,1854,야탑,"592,081","627,819","162,014","161,947",2022-11-03 10:23:08
247,2022-10,분당선,1855,서현,"584,379","600,511","131,190","126,603",2022-11-03 10:23:08
248,2022-10,분당선,1856,수내,"304,729","302,531","80,013","78,139",2022-11-03 10:23:08
249,2022-10,분당선,1857,정자,"431,410","461,014","74,208","75,331",2022-11-03 10:23:08
250,2022-10,분당선,1858,미금,"326,060","348,376","106,751","114,879",2022-11-03 10:23:08
251,2022-10,분당선,1859,오리,"252,753","204,180","75,297","64,111",2022-11-03 10:23:08
252,2022-10,분당선,1860,이매,"130,288","121,937","41,600","41,228",2022-11-03 10:23:08
253,2022-10,분당선,1861,보정,"55,445","48,051","22,070","20,674",2022-11-03 10:23:08
254,2022-10,분당선,1862,죽전,"352,097","387,183","74,835","78,766",2022-11-03 10:23:08
255,2022-10,분당선,1863,구성,"111,089","116,726","39,507","39,852",2022-11-03 10:23:08
256,2022-10,분당선,1864,신갈,"102,683","101,280","31,058","31,154",2022-11-03 10:23:08
257,2022-10,분당선,1865,기흥,"272,352","255,587","45,006","43,967",2022-11-03 10:23:08
258,2022-10,분당선,1866,상갈,"132,550","127,195","33,594","32,467",2022-11-03 10:23:08
259,2022-10,분당선,1867,청명,"108,684","104,592","20,403","20,545",2022-11-03 10:23:08
260,2022-10,분당선,1868,영통,"229,942","231,766","30,210","30,208",2022-11-03 10:23:08
261,2022-10,분당선,1869,망포,"388,094","367,465","39,968","38,262",2022-11-03 10:23:08
262,2022-10,분당선,1870,매탄권선,"133,961","128,100","21,783","20,745",2022-11-03 10:23:08
263,2022-10,분당선,1871,수원시청,"344,164","381,817","45,597","46,717",2022-11-03 10:23:08
264,2022-10,분당선,1872,매교,"103,483","102,223","22,644","22,938",2022-11-03 10:23:08
265,2022-10,일산선,1948,원흥,"268,695","252,529","63,894","61,113",2022-11-03 10:23:08
266,2022-10,일산선,1949,지축,8,0,2,0,2022-11-03 10:23:08
267,2022-10,일산선,1950,삼송,"481,299","457,948","102,356","104,031",2022-11-03 10:23:08
268,2022-10,일산선,1951,원당,"249,873","231,916","83,123","81,735",2022-11-03 10:23:08
269,2022-10,일산선,1952,화정,"382,762","388,996","118,839","121,017",2022-11-03 10:23:08
270,2022-10,일산선,1953,대곡,"52,585","39,942","12,874","12,082",2022-11-03 10:23:08
271,2022-10,일산선,1954,백석,"217,216","216,795","72,658","71,328",2022-11-03 10:23:08
272,2022-10,일산선,1955,마두,"151,002","153,005","69,218","70,688",2022-11-03 10:23:08
273,2022-10,일산선,1956,정발산,"174,883","185,205","61,608","58,889",2022-11-03 10:23:08
274,2022-10,일산선,1957,주엽,"186,726","182,246","89,909","93,978",2022-11-03 10:23:08
275,2022-10,일산선,1958,대화,"328,555","254,180","84,444","77,373",2022-11-03 10:23:08
276,2022-10,중앙선,1015,회기,"697,629","670,961","131,261","128,499",2022-11-03 10:23:08
277,2022-10,중앙선,1201,중랑,"120,193","112,640","51,605","50,605",2022-11-03 10:23:08
278,2022-10,중앙선,1202,상봉(시외버스터미널),"134,577","132,160","42,489","40,743",2022-11-03 10:23:08
279,2022-10,중앙선,1203,망우,"166,381","158,940","75,106","76,207",2022-11-03 10:23:08
280,2022-10,중앙선,1204,양원,"66,961","64,176","22,023","21,504",2022-11-03 10:23:08
281,2022-10,중앙선,1205,구리,"321,489","325,180","86,657","86,855",2022-11-03 10:23:08
282,2022-10,중앙선,1206,도농,"266,670","236,685","71,478","68,959",2022-11-03 10:23:08
283,2022-10,중앙선,1207,양정,"13,832","11,438","9,103","8,535",2022-11-03 10:23:08
284,2022-10,중앙선,1208,덕소,"125,681","123,605","48,049","47,852",2022-11-03 10:23:08
285,2022-10,중앙선,1209,도심,"53,630","40,368","20,387","18,980",2022-11-03 10:23:08
286,2022-10,중앙선,1210,팔당,"24,454","27,012","11,087","11,125",2022-11-03 10:23:08
287,2022-10,중앙선,1211,운길산,"20,939","19,869","14,765","14,983",2022-11-03 10:23:08
288,2022-10,중앙선,1212,양수,"43,388","42,480","26,877","26,550",2022-11-03 10:23:08
289,2022-10,중앙선,1213,신원,"3,956","3,159","4,330","3,638",2022-11-03 10:23:08
290,2022-10,중앙선,1214,국수,"14,981","14,095","10,957","11,113",2022-11-03 10:23:08
291,2022-10,중앙선,1215,아신,"13,611","13,634","7,468","7,194",2022-11-03 10:23:08
292,2022-10,중앙선,1216,오빈,"5,787","5,557","4,914","4,946",2022-11-03 10:23:08
293,2022-10,중앙선,1217,양평,"68,199","68,657","37,947","39,324",2022-11-03 10:23:08
294,2022-10,중앙선,1218,원덕,"6,764","6,350","7,460","7,026",2022-11-03 10:23:08
295,2022-10,중앙선,1219,용문,"39,565","40,137","49,330","48,799",2022-11-03 10:23:08
296,2022-10,중앙선,1220,지평,966,"1,199","1,171","1,107",2022-11-03 10:23:08
297,2022-10,장항선,1401,봉명,"27,608","26,666","10,386","10,105",2022-11-03 10:23:08
298,2022-10,장항선,1402,쌍용(나사렛대),"68,099","64,007","15,151","14,361",2022-11-03 10:23:08
299,2022-10,장항선,1403,아산,"122,916","103,140","13,189","12,016",2022-11-03 10:23:08
300,2022-10,장항선,1404,탕정,"28,902","25,803","4,602","4,323",2022-11-03 10:23:08
301,2022-10,장항선,1405,배방,"30,462","30,441","7,494","7,343",2022-11-03 10:23:08
302,2022-10,장항선,1407,온양온천,"90,427","92,053","53,226","54,098",2022-11-03 10:23:08
303,2022-10,장항선,1408,신창(순천향대),"69,719","68,337","7,567","7,017",2022-11-03 10:23:08
304,2022-10,경의선,1252,신촌,"23,627","30,470","3,493","3,942",2022-11-03 10:23:08
305,2022-10,경의선,1261,효창공원앞,"75,567","82,347","15,168","16,902",2022-11-03 10:23:08
306,2022-10,경의선,1263,서강대,"58,919","59,246","11,713","11,230",2022-11-03 10:23:08
307,2022-10,경의선,1265,가좌,"130,117","120,348","46,415","46,216",2022-11-03 10:23:08
308,2022-10,경의선,1267,수색,"61,726","65,157","15,854","15,507",2022-11-03 10:23:08
309,2022-10,경의선,1268,화전,"70,897","65,614","10,075","9,847",2022-11-03 10:23:08
310,2022-10,경의선,1269,강매,"76,848","66,043","19,317","18,198",2022-11-03 10:23:08
311,2022-10,경의선,1270,행신,"210,082","206,565","37,224","37,931",2022-11-03 10:23:08
312,2022-10,경의선,1271,능곡,"86,422","77,756","31,252","30,431",2022-11-03 10:23:08
313,2022-10,경의선,1272,곡산,"13,059","13,310","5,698","5,737",2022-11-03 10:23:08
314,2022-10,경의선,1273,백마,"173,117","162,623","35,806","35,905",2022-11-03 10:23:08
315,2022-10,경의선,1274,풍산,"135,692","124,842","38,220","37,041",2022-11-03 10:23:08
316,2022-10,경의선,1275,일산,"221,025","211,396","62,491","62,680",2022-11-03 10:23:08
317,2022-10,경의선,1276,탄현,"194,424","181,601","41,406","40,187",2022-11-03 10:23:08
318,2022-10,경의선,1277,야당,"207,270","206,932","40,262","38,968",2022-11-03 10:23:08
319,2022-10,경의선,1278,운정,"173,296","156,979","42,582","41,667",2022-11-03 10:23:08
320,2022-10,경의선,1279,금릉,"127,315","122,058","28,100","27,667",2022-11-03 10:23:08
321,2022-10,경의선,1280,금촌,"158,593","154,095","47,663","48,464",2022-11-03 10:23:08
322,2022-10,경의선,1282,월롱,"74,404","69,652","9,453","10,328",2022-11-03 10:23:08
323,2022-10,경의선,1283,파주,"35,051","25,603","8,230","6,995",2022-11-03 10:23:08
324,2022-10,경의선,1284,문산,"126,011","124,290","48,417","48,360",2022-11-03 10:23:08
325,2022-10,경의선,1285,임진강,997,751,744,626,2022-11-03 10:23:08
326,2022-10,경의선,1291,서울역,"105,644","132,822","17,083","20,284",2022-11-03 10:23:08
327,2022-10,경의선,1292,공덕,"97,986","82,204","15,837","15,130",2022-11-03 10:23:08
328,2022-10,경의선,1293,홍대입구,"58,934","73,555","5,692","6,487",2022-11-03 10:23:08
329,2022-10,경의선,1294,디지털미디어시티,"71,381","63,105","12,604","12,635",2022-11-03 10:23:08
330,2022-10,경의선,1296,계양,6,0,0,0,2022-11-03 10:23:08
331,2022-10,경의선,1297,검암,1,0,0,0,2022-11-03 10:23:08
332,2022-10,경춘선,1311,신내,"46,602","43,883","17,758","17,501",2022-11-03 10:23:08
333,2022-10,경춘선,1312,갈매,"66,315","55,300","21,183","19,577",2022-11-03 10:23:08
334,2022-10,경춘선,1313,별내,"72,119","67,275","22,489","21,332",2022-11-03 10:23:08
335,2022-10,경춘선,1314,퇴계원,"77,975","68,471","29,506","28,242",2022-11-03 10:23:08
336,2022-10,경춘선,1315,사릉,"56,997","54,173","17,770","17,847",2022-11-03 10:23:08
337,2022-10,경춘선,1316,금곡,"29,943","28,378","16,965","16,711",2022-11-03 10:23:08
338,2022-10,경춘선,1317,평내호평,"144,828","141,370","48,113","46,043",2022-11-03 10:23:08
339,2022-10,경춘선,1318,천마산,"33,556","29,628","19,132","19,212",2022-11-03 10:23:08
340,2022-10,경춘선,1319,마석,"95,108","89,379","37,397","37,443",2022-11-03 10:23:08
341,2022-10,경춘선,1320,대성리,"19,381","17,725","7,472","7,090",2022-11-03 10:23:08
342,2022-10,경춘선,1321,청평,"40,297","38,016","20,622","20,351",2022-11-03 10:23:08
343,2022-10,경춘선,1322,상천,"6,248","5,158","7,324","7,107",2022-11-03 10:23:08
344,2022-10,경춘선,1323,가평,"59,735","58,897","23,124","22,778",2022-11-03 10:23:08
345,2022-10,경춘선,1324,굴봉산,"2,877","2,525","2,859","2,743",2022-11-03 10:23:08
346,2022-10,경춘선,1325,백양리,"1,994","2,008","1,569","1,534",2022-11-03 10:23:08
347,2022-10,경춘선,1326,강촌,"15,576","13,828","6,637","6,838",2022-11-03 10:23:08
348,2022-10,경춘선,1327,김유정,"10,094","12,061","5,756","6,184",2022-11-03 10:23:08
349,2022-10,경춘선,1328,남춘천,"70,064","72,315","30,315","33,582",2022-11-03 10:23:08
350,2022-10,경춘선,1329,춘천,"48,632","43,774","24,425","18,333",2022-11-03 10:23:08
351,2022-10,수인선,1873,고색,"115,370","108,551","17,377","16,301",2022-11-03 10:23:08
352,2022-10,수인선,1874,오목천,"104,984","90,103","14,866","14,693",2022-11-03 10:23:08
353,2022-10,수인선,1875,어천,"28,829","26,055","6,165","6,504",2022-11-03 10:23:08
354,2022-10,수인선,1876,야목,"8,957","6,877","2,482","2,146",2022-11-03 10:23:08
355,2022-10,수인선,1877,사리,"130,870","110,192","19,930","18,574",2022-11-03 10:23:08
356,2022-10,수인선,1878,달월,"1,911","1,726","1,104",749,2022-11-03 10:23:08
357,2022-10,수인선,1879,월곶,"74,378","67,196","20,654","20,044",2022-11-03 10:23:08
358,2022-10,수인선,1880,소래포구,"142,111","139,199","94,136","92,714",2022-11-03 10:23:08
359,2022-10,수인선,1881,인천논현,"131,886","141,482","35,196","35,551",2022-11-03 10:23:08
360,2022-10,수인선,1882,호구포,"97,372","99,692","22,421","21,916",2022-11-03 10:23:08
361,2022-10,수인선,1883,남동인더스파크,"51,415","56,277","6,851","6,798",2022-11-03 10:23:08
362,2022-10,수인선,1884,원인재,"102,169","106,259","33,581","33,660",2022-11-03 10:23:08
363,2022-10,수인선,1885,연수,"114,543","112,135","31,131","30,952",2022-11-03 10:23:08
364,2022-10,수인선,1886,송도,"54,446","49,388","23,330","22,583",2022-11-03 10:23:08
365,2022-10,수인선,1888,인하대,"178,191","169,141","28,817","27,812",2022-11-03 10:23:08
366,2022-10,수인선,1889,숭의,"88,910","80,983","30,676","29,286",2022-11-03 10:23:08
367,2022-10,수인선,1890,신포,"42,481","43,061","14,031","14,090",2022-11-03 10:23:08
368,2022-10,수인선,1891,인천,"23,650","43,255","13,957","18,878",2022-11-03 10:23:08
369,2022-10,경강선,1501,판교,"131,078","131,397","16,843","14,461",2022-11-03 10:23:08
370,2022-10,경강선,1502,이매,"28,606","22,879","7,714","7,378",2022-11-03 10:23:08
371,2022-10,경강선,1503,삼동,"58,447","51,862","13,252","13,393",2022-11-03 10:23:08
372,2022-10,경강선,1504,경기광주,"204,459","188,417","35,156","34,340",2022-11-03 10:23:08
373,2022-10,경강선,1505,초월,"81,452","76,421","16,014","15,732",2022-11-03 10:23:08
374,2022-10,경강선,1506,곤지암,"63,760","62,223","16,345","16,473",2022-11-03 10:23:08
375,2022-10,경강선,1507,신둔도예촌,"41,431","38,405","8,556","8,450",2022-11-03 10:23:08
376,2022-10,경강선,1508,이천,"74,192","76,857","15,841","16,649",2022-11-03 10:23:08
377,2022-10,경강선,1509,부발,"63,298","60,890","10,878","10,927",2022-11-03 10:23:08
378,2022-10,경강선,1510,세종대왕릉,"7,933","8,151","4,571","4,809",2022-11-03 10:23:08
379,2022-10,경강선,1511,여주,"68,867","70,213","20,768","20,644",2022-11-03 10:23:08
380,2022-10,5호선,2511,방화,"140,835","134,185","52,046","50,676",2022-11-03 10:23:08
381,2022-10,5호선,2512,개화산,"120,062","112,674","40,072","39,851",2022-11-03 10:23:08
382,2022-10,5호선,2513,김포공항,"202,926","194,758","36,474","39,775",2022-11-03 10:23:08
383,2022-10,5호선,2514,송정,"139,730","128,493","50,561","49,209",2022-11-03 10:23:08
384,2022-10,5호선,2515,마곡,"245,341","249,102","41,265","39,938",2022-11-03 10:23:08
385,2022-10,5호선,2516,발산,"485,154","518,196","96,966","94,339",2022-11-03 10:23:08
386,2022-10,5호선,2517,우장산,"324,774","314,376","93,263","96,098",2022-11-03 10:23:08
387,2022-10,5호선,2518,화곡,"677,625","619,634","148,208","143,023",2022-11-03 10:23:08
388,2022-10,5호선,2519,까치산,"671,712","627,609","161,575","160,916",2022-11-03 10:23:08
389,2022-10,5호선,2520,신정(은행정),"325,643","257,833","65,864","63,325",2022-11-03 10:23:08
390,2022-10,5호선,2521,목동,"398,819","423,656","84,273","84,909",2022-11-03 10:23:08
391,2022-10,5호선,2522,오목교(목동운동장앞),"533,077","569,946","87,530","86,591",2022-11-03 10:23:08
392,2022-10,5호선,2523,양평,"169,040","163,103","28,559","28,272",2022-11-03 10:23:08
393,2022-10,5호선,2524,영등포구청,"90,101","90,427","20,639","20,354",2022-11-03 10:23:08
394,2022-10,5호선,2525,영등포시장,"232,729","240,583","75,004","76,963",2022-11-03 10:23:08
395,2022-10,5호선,2526,신길,"113,069","116,528","11,974","12,434",2022-11-03 10:23:08
396,2022-10,5호선,2527,여의도,"712,270","753,530","55,724","53,219",2022-11-03 10:23:08
397,2022-10,5호선,2528,여의나루,"408,552","527,527","33,321","35,530",2022-11-03 10:23:08
398,2022-10,5호선,2529,마포,"337,112","340,404","62,338","61,620",2022-11-03 10:23:08
399,2022-10,5호선,2530,공덕,"342,062","362,477","47,733","44,437",2022-11-03 10:23:08
400,2022-10,5호선,2531,애오개,"147,156","144,371","37,444","36,638",2022-11-03 10:23:08
401,2022-10,5호선,2532,충정로(경기대입구),"107,870","107,862","14,199","14,479",2022-11-03 10:23:08
402,2022-10,5호선,2533,서대문,"455,362","460,492","66,814","63,086",2022-11-03 10:23:08
403,2022-10,5호선,2534,광화문(세종문화회관),"836,987","866,720","116,828","116,272",2022-11-03 10:23:08
404,2022-10,5호선,2535,종로3가,"345,716","331,908","99,403","102,344",2022-11-03 10:23:08
405,2022-10,5호선,2536,을지로4가,"130,444","136,272","42,558","41,712",2022-11-03 10:23:08
406,2022-10,5호선,2537,동대문역사문화공원(DDP),"72,159","84,279","7,933","8,981",2022-11-03 10:23:08
407,2022-10,5호선,2538,청구,"86,046","82,442","25,635","20,541",2022-11-03 10:23:08
408,2022-10,5호선,2539,신금호,"143,777","147,586","38,573","43,591",2022-11-03 10:23:08
409,2022-10,5호선,2540,행당,"183,633","160,285","51,028","46,034",2022-11-03 10:23:08
410,2022-10,5호선,2541,왕십리(성동구청),"105,523","126,759","24,109","24,232",2022-11-03 10:23:08
411,2022-10,5호선,2542,마장,"127,245","118,192","41,197","39,986",2022-11-03 10:23:08
412,2022-10,5호선,2543,답십리,"368,080","329,044","82,877","79,110",2022-11-03 10:23:08
413,2022-10,5호선,2544,장한평,"427,530","419,523","93,902","94,188",2022-11-03 10:23:08
414,2022-10,5호선,2545,군자(능동),"288,008","316,880","42,642","44,648",2022-11-03 10:23:08
415,2022-10,5호선,2546,아차산(어린이대공원후문),"360,278","346,928","101,955","99,337",2022-11-03 10:23:08
416,2022-10,5호선,2547,광나루(장신대),"341,411","313,562","72,863","70,417",2022-11-03 10:23:08
417,2022-10,5호선,2548,천호(풍납토성),"419,843","410,875","135,346","139,249",2022-11-03 10:23:08
418,2022-10,5호선,2549,강동,"418,199","400,828","112,453","111,079",2022-11-03 10:23:08
419,2022-10,5호선,2550,길동,"156,540","163,169","72,549","73,718",2022-11-03 10:23:08
420,2022-10,5호선,2551,굽은다리(강동구민회관앞),"200,739","192,122","76,334","70,572",2022-11-03 10:23:08
421,2022-10,5호선,2552,명일,"182,284","185,839","71,182","73,588",2022-11-03 10:23:08
422,2022-10,5호선,2553,고덕,"207,204","204,181","71,545","71,545",2022-11-03 10:23:08
423,2022-10,5호선,2554,상일동,"321,126","298,021","91,771","88,929",2022-11-03 10:23:08
424,2022-10,5호선,2555,둔촌동,"177,676","176,981","62,898","63,293",2022-11-03 10:23:08
425,2022-10,5호선,2556,올림픽공원(한국체대),"117,902","109,820","41,145","36,997",2022-11-03 10:23:08
426,2022-10,5호선,2557,방이,"160,632","164,595","47,105","46,430",2022-11-03 10:23:08
427,2022-10,5호선,2558,오금,"82,175","82,563","20,549","19,969",2022-11-03 10:23:08
428,2022-10,5호선,2559,개롱,"134,945","140,487","48,998","50,756",2022-11-03 10:23:08
429,2022-10,5호선,2560,거여,"223,272","212,518","63,771","62,131",2022-11-03 10:23:08
430,2022-10,5호선,2561,마천,"154,272","146,145","57,975","59,569",2022-11-03 10:23:08
431,2022-10,5호선,2562,강일,"107,405","98,043","38,105","36,410",2022-11-03 10:23:08
432,2022-10,5호선,2563,미사,"406,707","411,100","80,911","80,900",2022-11-03 10:23:08
433,2022-10,5호선,2564,하남풍산,"93,294","91,598","27,021","26,546",2022-11-03 10:23:08
434,2022-10,5호선,2565,하남시청(덕풍·신장),"150,145","141,856","66,412","67,473",2022-11-03 10:23:08
435,2022-10,5호선,2566,하남검단산,"138,787","131,398","50,601","49,738",2022-11-03 10:23:08
436,2022-10,6호선,2611,응암,"390,879","383,708","119,101","117,942",2022-11-03 10:23:08
437,2022-10,6호선,2612,역촌,"75,602","93,931","32,272","31,981",2022-11-03 10:23:08
438,2022-10,6호선,2613,불광,"90,604","93,520","41,148","33,903",2022-11-03 10:23:08
439,2022-10,6호선,2614,독바위,"60,080","60,461","20,110","24,928",2022-11-03 10:23:08
440,2022-10,6호선,2615,연신내,21,0,2,0,2022-11-03 10:23:08
441,2022-10,6호선,2616,구산,"173,690","114,379","52,112","53,641",2022-11-03 10:23:08
442,2022-10,6호선,2617,새절(신사),"282,055","256,539","88,630","87,858",2022-11-03 10:23:08
443,2022-10,6호선,2618,증산(명지대앞),"220,047","217,022","73,103","73,863",2022-11-03 10:23:08
444,2022-10,6호선,2619,디지털미디어시티,"338,301","369,515","59,761","61,584",2022-11-03 10:23:08
445,2022-10,6호선,2620,월드컵경기장(성산),"158,850","177,229","97,022","96,820",2022-11-03 10:23:08
446,2022-10,6호선,2621,마포구청,"339,021","296,491","82,497","73,616",2022-11-03 10:23:08
447,2022-10,6호선,2622,망원,"350,819","376,737","81,429","84,070",2022-11-03 10:23:08
448,2022-10,6호선,2623,합정,"373,662","370,580","42,477","39,225",2022-11-03 10:23:08
449,2022-10,6호선,2624,상수,"278,926","326,978","21,857","22,232",2022-11-03 10:23:08
450,2022-10,6호선,2625,광흥창(서강),"205,809","194,932","49,328","48,858",2022-11-03 10:23:08
451,2022-10,6호선,2626,대흥(서강대앞),"215,257","223,315","47,849","47,788",2022-11-03 10:23:08
452,2022-10,6호선,2627,공덕,"444,147","438,114","76,083","71,227",2022-11-03 10:23:08
453,2022-10,6호선,2628,효창공원앞,"180,775","168,194","40,844","38,085",2022-11-03 10:23:08
454,2022-10,6호선,2629,삼각지,"218,342","173,661","22,567","17,191",2022-11-03 10:23:08
455,2022-10,6호선,2630,녹사평(용산구청),"168,926","164,280","19,452","18,715",2022-11-03 10:23:08
456,2022-10,6호선,2631,이태원,"447,743","528,271","35,522","37,121",2022-11-03 10:23:08
457,2022-10,6호선,2632,한강진,"292,022","339,089","16,690","16,918",2022-11-03 10:23:08
458,2022-10,6호선,2633,버티고개,"50,779","47,215","13,686","16,217",2022-11-03 10:23:08
459,2022-10,6호선,2634,약수,"81,176","81,386","22,354","21,875",2022-11-03 10:23:08
460,2022-10,6호선,2635,청구,"87,079","84,536","19,633","22,715",2022-11-03 10:23:08
461,2022-10,6호선,2636,신당,"206,736","214,897","37,227","35,729",2022-11-03 10:23:08
462,2022-10,6호선,2637,동묘앞,"184,985","192,374","70,023","65,027",2022-11-03 10:23:08
463,2022-10,6호선,2638,창신,"84,604","70,509","18,916","17,746",2022-11-03 10:23:08
464,2022-10,6호선,2639,보문,"194,560","176,562","30,662","28,775",2022-11-03 10:23:08
465,2022-10,6호선,2640,안암(고대병원앞),"340,244","351,486","35,297","34,732",2022-11-03 10:23:08
466,2022-10,6호선,2641,고려대(종암),"231,199","222,313","35,651","35,482",2022-11-03 10:23:08
467,2022-10,6호선,2642,월곡(동덕여대),"287,978","273,080","71,283","70,163",2022-11-03 10:23:08
468,2022-10,6호선,2643,상월곡(한국과학기술연구원),"148,805","135,569","40,844","39,043",2022-11-03 10:23:08
469,2022-10,6호선,2644,돌곶이,"219,447","197,858","60,767","59,600",2022-11-03 10:23:08
470,2022-10,6호선,2645,석계,"279,936","296,527","80,359","80,280",2022-11-03 10:23:08
471,2022-10,6호선,2646,태릉입구,"138,154","156,890","31,122","31,081",2022-11-03 10:23:08
472,2022-10,6호선,2647,화랑대(서울여대입구),"306,396","232,180","49,075","44,262",2022-11-03 10:23:08
473,2022-10,6호선,2648,봉화산(서울의료원),"201,612","189,794","49,566","48,972",2022-11-03 10:23:08
474,2022-10,6호선,2649,신내,15,0,0,0,2022-11-03 10:23:08
475,2022-10,7호선,2711,장암,"58,070","23,993","11,253","8,074",2022-11-03 10:23:08
476,2022-10,7호선,2712,도봉산,"229,845","263,142","54,722","77,206",2022-11-03 10:23:08
477,2022-10,7호선,2713,수락산,"277,040","268,239","100,941","102,701",2022-11-03 10:23:08
478,2022-10,7호선,2714,마들,"286,768","261,389","86,645","84,953",2022-11-03 10:23:08
479,2022-10,7호선,2715,노원,"450,481","478,106","125,563","126,523",2022-11-03 10:23:08
480,2022-10,7호선,2716,중계,"324,839","289,717","93,107","89,135",2022-11-03 10:23:08
481,2022-10,7호선,2717,하계,"414,314","384,811","108,424","104,599",2022-11-03 10:23:08
482,2022-10,7호선,2718,공릉(서울과학기술대),"281,814","277,220","71,849","72,165",2022-11-03 10:23:08
483,2022-10,7호선,2719,태릉입구,"225,333","210,744","44,748","42,108",2022-11-03 10:23:08
484,2022-10,7호선,2720,먹골,"226,952","218,514","66,145","67,209",2022-11-03 10:23:08
485,2022-10,7호선,2721,중화,"242,945","234,093","64,606","64,299",2022-11-03 10:23:08
486,2022-10,7호선,2722,상봉(시외버스터미널),"419,840","399,990","74,701","71,851",2022-11-03 10:23:08
487,2022-10,7호선,2723,면목,"360,950","342,144","97,397","99,222",2022-11-03 10:23:08
488,2022-10,7호선,2724,사가정,"369,573","364,514","100,618","100,327",2022-11-03 10:23:08
489,2022-10,7호선,2725,용마산(용마폭포공원),"138,510","133,522","36,469","39,709",2022-11-03 10:23:08
490,2022-10,7호선,2726,중곡,"248,660","225,192","63,596","63,425",2022-11-03 10:23:08
491,2022-10,7호선,2727,군자(능동),"351,542","267,896","80,915","70,162",2022-11-03 10:23:08
492,2022-10,7호선,2728,어린이대공원(세종대),"448,714","460,146","46,015","45,436",2022-11-03 10:23:08
493,2022-10,7호선,2729,건대입구,"333,673","359,388","55,469","50,332",2022-11-03 10:23:08
494,2022-10,7호선,2730,뚝섬유원지,"243,197","232,175","47,174","46,621",2022-11-03 10:23:08
495,2022-10,7호선,2731,청담,"457,155","517,573","77,979","75,130",2022-11-03 10:23:08
496,2022-10,7호선,2732,강남구청,"402,816","454,446","52,385","54,096",2022-11-03 10:23:08
497,2022-10,7호선,2733,학동,"554,565","595,403","61,939","59,678",2022-11-03 10:23:08
498,2022-10,7호선,2734,논현,"445,916","470,332","45,388","45,260",2022-11-03 10:23:08
499,2022-10,7호선,2735,반포,"143,648","140,201","34,872","33,365",2022-11-03 10:23:08
500,2022-10,7호선,2736,고속터미널,"457,013","346,959","72,470","63,327",2022-11-03 10:23:08
501,2022-10,7호선,2737,내방,"325,295","333,043","68,269","66,175",2022-11-03 10:23:08
502,2022-10,7호선,2738,이수,"381,334","358,065","77,154","71,810",2022-11-03 10:23:08
503,2022-10,7호선,2739,남성,"255,600","233,839","73,273","72,538",2022-11-03 10:23:08
504,2022-10,7호선,2740,숭실대입구(살피재),"353,950","352,048","63,954","66,620",2022-11-03 10:23:08
505,2022-10,7호선,2741,상도,"283,571","274,777","61,632","57,485",2022-11-03 10:23:08
506,2022-10,7호선,2742,장승배기,"194,786","187,297","66,790","68,895",2022-11-03 10:23:08
507,2022-10,7호선,2743,신대방삼거리,"344,507","320,049","88,423","90,354",2022-11-03 10:23:08
508,2022-10,7호선,2744,보라매,"182,426","183,359","33,632","34,554",2022-11-03 10:23:08
509,2022-10,7호선,2745,신풍,"260,047","242,023","73,722","73,032",2022-11-03 10:23:08
510,2022-10,7호선,2746,대림(구로구청),"221,186","223,558","38,810","38,011",2022-11-03 10:23:08
511,2022-10,7호선,2747,남구로,"356,954","374,495","61,287","61,509",2022-11-03 10:23:08
512,2022-10,7호선,2748,가산디지털단지,"1,011,719","1,007,038","88,770","83,248",2022-11-03 10:23:08
513,2022-10,7호선,2749,철산,"516,506","527,507","102,919","101,928",2022-11-03 10:23:08
514,2022-10,7호선,2750,광명사거리,"473,421","457,843","149,744","155,100",2022-11-03 10:23:08
515,2022-10,7호선,2751,천왕,"266,211","250,416","57,713","57,574",2022-11-03 10:23:08
516,2022-10,7호선,2752,온수(성공회대입구),"251,908","237,018","41,014","39,367",2022-11-03 10:23:08
517,2022-10,7호선,2753,까치울,1,0,0,0,2022-11-03 10:23:08
518,2022-10,7호선,2754,부천종합운동장,1,0,0,0,2022-11-03 10:23:08
519,2022-10,7호선,2755,춘의,2,0,0,0,2022-11-03 10:23:08
520,2022-10,7호선,2756,신중동,1,0,0,0,2022-11-03 10:23:08
521,2022-10,8호선,2811,암사,"432,554","371,564","106,996","105,603",2022-11-03 10:23:08
522,2022-10,8호선,2812,천호(풍납토성),"343,363","411,659","84,731","80,151",2022-11-03 10:23:08
523,2022-10,8호선,2813,강동구청,"225,122","230,512","64,326","64,351",2022-11-03 10:23:08
524,2022-10,8호선,2814,몽촌토성(평화의문),"165,114","171,196","39,176","37,887",2022-11-03 10:23:08
525,2022-10,8호선,2815,잠실(송파구청),"389,337","474,159","73,391","71,894",2022-11-03 10:23:08
526,2022-10,8호선,2816,석촌,"169,689","209,898","52,450","55,780",2022-11-03 10:23:08
527,2022-10,8호선,2817,송파,"187,090","181,814","60,868","60,871",2022-11-03 10:23:08
528,2022-10,8호선,2818,가락시장,"154,815","178,853","63,215","63,828",2022-11-03 10:23:08
529,2022-10,8호선,2819,문정,"478,502","505,613","60,155","59,376",2022-11-03 10:23:08
530,2022-10,8호선,2820,장지,"412,669","388,567","81,145","76,399",2022-11-03 10:23:08
531,2022-10,8호선,2821,복정,"233,808","193,545","40,677","36,598",2022-11-03 10:23:08
532,2022-10,8호선,2822,산성,"127,690","125,023","33,490","36,781",2022-11-03 10:23:08
533,2022-10,8호선,2823,남한산성입구(성남법원.검찰청),"338,349","305,279","79,982","75,100",2022-11-03 10:23:08
534,2022-10,8호선,2824,단대오거리,"243,908","230,526","72,270","70,196",2022-11-03 10:23:08
535,2022-10,8호선,2825,신흥,"94,581","101,649","38,403","39,862",2022-11-03 10:23:08
536,2022-10,8호선,2826,수진,"111,606","99,035","43,726","43,274",2022-11-03 10:23:08
537,2022-10,8호선,2827,모란,"86,820","74,848","55,172","43,392",2022-11-03 10:23:08
538,2022-10,8호선,2828,남위례,"143,091","147,612","29,683","29,716",2022-11-03 10:23:08
539,2022-10,9호선,4101,개화,"63,486","44,128","14,356","11,562",2022-11-03 10:23:08
540,2022-10,9호선,4102,김포공항,"220,025","331,044","20,772","26,004",2022-11-03 10:23:08
541,2022-10,9호선,4103,공항시장,"63,172","66,640","23,713","26,239",2022-11-03 10:23:08
542,2022-10,9호선,4104,신방화,"149,685","142,953","47,411","47,165",2022-11-03 10:23:08
543,2022-10,9호선,4105,마곡나루(서울식물원),"319,575","317,718","35,402","34,430",2022-11-03 10:23:08
544,2022-10,9호선,4106,양천향교,"224,293","227,168","45,859","45,091",2022-11-03 10:23:08
545,2022-10,9호선,4107,가양,"486,136","472,359","133,466","130,739",2022-11-03 10:23:08
546,2022-10,9호선,4108,증미,"153,264","141,211","34,376","34,473",2022-11-03 10:23:08
547,2022-10,9호선,4109,등촌,"243,118","226,565","79,984","80,224",2022-11-03 10:23:08
548,2022-10,9호선,4110,염창,"435,971","416,490","74,715","73,643",2022-11-03 10:23:08
549,2022-10,9호선,4111,신목동,"98,892","83,551","23,638","22,101",2022-11-03 10:23:08
550,2022-10,9호선,4112,선유도,"203,570","192,355","29,633","28,750",2022-11-03 10:23:08
551,2022-10,9호선,4113,당산,"475,872","479,877","66,962","63,178",2022-11-03 10:23:08
552,2022-10,9호선,4114,국회의사당,"369,881","382,083","55,269","48,823",2022-11-03 10:23:08
553,2022-10,9호선,4115,여의도,"715,170","684,893","50,503","46,208",2022-11-03 10:23:08
554,2022-10,9호선,4116,샛강,"153,334","142,844","27,906","27,409",2022-11-03 10:23:08
555,2022-10,9호선,4117,노량진,"699,986","695,687","91,123","92,318",2022-11-03 10:23:08
556,2022-10,9호선,4118,노들,"116,136","98,183","34,096","31,425",2022-11-03 10:23:08
557,2022-10,9호선,4119,흑석(중앙대입구),"216,758","220,722","56,903","57,704",2022-11-03 10:23:08
558,2022-10,9호선,4120,동작(현충원),"46,483","35,964","11,750","9,507",2022-11-03 10:23:08
559,2022-10,9호선,4121,구반포,"26,586","27,131","9,095","9,517",2022-11-03 10:23:08
560,2022-10,9호선,4122,신반포,"91,811","91,966","23,875","23,879",2022-11-03 10:23:08
561,2022-10,9호선,4123,고속터미널,"386,953","538,829","64,013","75,170",2022-11-03 10:23:08
562,2022-10,9호선,4124,사평,"85,255","80,685","22,265","22,378",2022-11-03 10:23:08
563,2022-10,9호선,4125,신논현,"819,639","805,785","52,430","51,036",2022-11-03 10:23:08
564,2022-10,공항철도 1호선,4201,서울역,"315,108","282,395","37,239","32,441",2022-11-03 10:23:08
565,2022-10,공항철도 1호선,4202,공덕,"65,019","89,396","8,259","9,874",2022-11-03 10:23:08
566,2022-10,공항철도 1호선,4203,홍대입구,"373,283","373,997","19,272","18,016",2022-11-03 10:23:08
567,2022-10,공항철도 1호선,4204,디지털미디어시티,"346,669","324,680","27,482","25,707",2022-11-03 10:23:08
568,2022-10,공항철도 1호선,4206,마곡나루(서울식물원),"243,804","240,027","16,666","16,714",2022-11-03 10:23:08
569,2022-10,공항철도 1호선,4207,김포공항,"350,176","186,204","26,919","17,288",2022-11-03 10:23:08
570,2022-10,공항철도 1호선,4208,계양,"313,026","285,441","34,721","32,482",2022-11-03 10:23:08
571,2022-10,공항철도 1호선,4209,검암,"177,701","176,065","19,326","19,533",2022-11-03 10:23:08
572,2022-10,공항철도 1호선,4210,청라국제도시,"189,035","178,455","14,438","14,528",2022-11-03 10:23:08
573,2022-10,공항철도 1호선,4211,운서,"217,346","224,453","31,065","31,511",2022-11-03 10:23:08
574,2022-10,공항철도 1호선,4212,공항화물청사,"51,348","54,799","9,297","9,079",2022-11-03 10:23:08
575,2022-10,공항철도 1호선,4213,인천공항1터미널,"261,332","238,222","23,775","22,315",2022-11-03 10:23:08
576,2022-10,공항철도 1호선,4215,인천공항2터미널,"110,674","97,164","11,048","9,663",2022-11-03 10:23:08
577,2022-10,공항철도 1호선,4217,영종,"92,101","93,192","23,310","23,246",2022-11-03 10:23:08
578,2022-10,9호선2~3단계,4126,언주,"265,902","272,338","29,543","29,369",2022-11-03 10:23:08
579,2022-10,9호선2~3단계,4127,선정릉,"241,308","269,118","26,626","27,837",2022-11-03 10:23:08
580,2022-10,9호선2~3단계,4128,삼성중앙,"167,900","177,657","25,077","24,807",2022-11-03 10:23:08
581,2022-10,9호선2~3단계,4129,봉은사,"475,930","497,395","52,297","49,719",2022-11-03 10:23:08
582,2022-10,9호선2~3단계,4130,종합운동장,"113,770","112,161","21,143","18,937",2022-11-03 10:23:08
583,2022-10,9호선2~3단계,4131,삼전,"165,399","154,071","35,977","35,059",2022-11-03 10:23:08
584,2022-10,9호선2~3단계,4132,석촌고분,"148,500","142,152","36,451","36,439",2022-11-03 10:23:08
585,2022-10,9호선2~3단계,4133,석촌,"231,858","206,210","38,680","33,426",2022-11-03 10:23:08
586,2022-10,9호선2~3단계,4134,송파나루,"127,211","135,676","27,164","28,430",2022-11-03 10:23:08
587,2022-10,9호선2~3단계,4135,한성백제,"71,782","62,870","18,535","16,251",2022-11-03 10:23:08
588,2022-10,9호선2~3단계,4136,올림픽공원(한국체대),"237,240","245,086","36,949","37,406",2022-11-03 10:23:08
589,2022-10,9호선2~3단계,4137,둔촌오륜,"25,555","23,541","7,046","7,599",2022-11-03 10:23:08
590,2022-10,9호선2~3단계,4138,중앙보훈병원,"224,935","195,019","75,782","74,311",2022-11-03 10:23:08
591,2022-10,우이신설선,4701,북한산우이,"73,432","64,710","40,611","41,915",2022-11-03 10:23:08
592,2022-10,우이신설선,4702,솔밭공원,"44,954","39,153","29,779","31,158",2022-11-03 10:23:08
593,2022-10,우이신설선,4703,4.19민주묘지,"76,255","75,282","37,984","33,544",2022-11-03 10:23:08
594,2022-10,우이신설선,4704,가오리,"74,377","69,232","51,228","51,267",2022-11-03 10:23:08
595,2022-10,우이신설선,4705,화계,"59,548","51,722","44,322","44,849",2022-11-03 10:23:08
596,2022-10,우이신설선,4706,삼양,"32,086","32,329","27,100","29,651",2022-11-03 10:23:08
597,2022-10,우이신설선,4707,삼양사거리,"39,803","38,653","36,746","37,079",2022-11-03 10:23:08
598,2022-10,우이신설선,4708,솔샘,"129,599","116,340","40,523","42,013",2022-11-03 10:23:08
599,2022-10,우이신설선,4709,북한산보국문,"148,006","134,170","44,916","45,090",2022-11-03 10:23:08
600,2022-10,우이신설선,4710,정릉,"99,748","85,689","48,125","44,491",2022-11-03 10:23:08
601,2022-10,우이신설선,4711,성신여대입구(돈암),"74,631","88,609","28,815","28,595",2022-11-03 10:23:08
602,2022-10,우이신설선,4712,보문,"30,896","31,089","15,161","15,198",2022-11-03 10:23:08
603,2022-10,우이신설선,4713,신설동,"35,947","37,057","29,450","26,741",2022-11-03 10:23:08
604,2022-10,신림선,4401,샛강,"53,875","70,619","13,128","12,920",2022-11-03 10:23:08
605,2022-10,신림선,4402,대방,"59,185","43,277","13,557","11,408",2022-11-03 10:23:08
606,2022-10,신림선,4403,서울지방병무청,"52,261","56,486","20,046","21,955",2022-11-03 10:23:08
607,2022-10,신림선,4404,보라매,"70,886","65,030","18,961","16,126",2022-11-03 10:23:08
608,2022-10,신림선,4405,보라매공원,"38,760","41,511","13,924","15,282",2022-11-03 10:23:08
609,2022-10,신림선,4406,보라매병원,"126,447","133,081","41,299","40,067",2022-11-03 10:23:08
610,2022-10,신림선,4407,당곡,"81,731","77,226","29,900","29,421",2022-11-03 10:23:08
611,2022-10,신림선,4408,신림,"32,906","47,581","14,007","16,623",2022-11-03 10:23:08
612,2022-10,신림선,4409,서원,"67,113","53,390","20,387","20,283",2022-11-03 10:23:08
613,2022-10,신림선,4410,서울대벤처타운,"163,418","153,554","54,953","55,830",2022-11-03 10:23:08
614,2022-10,신림선,4411,관악산(서울대),"61,343","66,102","38,873","39,197",2022-11-03 10:23:08
